"BPUIC";"Station";"Position";"Num_delays";"Num_stops";"percent_on_time"
8506000;"Winterthur";"47.5003337739,8.72382110762";8;596;98,6577181208054
8503016;"Zürich Flughafen";"47.4503856566,8.56240184756";6;457;98,6870897155361
8501026;"Genève-Aéroport";"46.232538562,6.11198562378";3;174;98,2758620689655
8504201;"Grandson";"46.8062833566,6.6419437669";1;85;98,8235294117647
8504206;"Bevaix";"46.9296962618,6.81168022806";4;38;89,4736842105263
8504221;"Neuchâtel";"46.9967268195,6.93570168072";13;278;95,3237410071942
8504220;"Neuchâtel-Serrières";"46.9839623251,6.903362631";1;38;97,3684210526316
8504203;"Concise";"46.8508815711,6.72315746125";1;8;87,5
8504209;"Colombier";"46.9676523894,6.84886971704";6;38;84,2105263157895
8504205;"Gorgier-St-Aubin";"46.8990761279,6.78102595265";2;38;94,7368421052632
8504219;"Auvernier";"46.9796416958,6.87770803075";1;38;97,3684210526316
8501120;"Lausanne";"46.5167918174,6.62909229044";9;548;98,3576642335766
8504208;"Boudry";"46.9594571322,6.83504762348";6;38;84,2105263157895
8500010;"Basel SBB";"47.547412091,7.58956277697";18;671;97,3174366616989
8507000;"Bern";"46.9488322725,7.4391309556";28;338;91,7159763313609
8504100;"Fribourg/Freiburg";"46.8031481543,7.15104693583";8;204;96,078431372549
8500135;"Pontenet";"47.238848361,7.25415931061";2;60;96,6666666666667
8500100;"Tavannes";"47.2198446424,7.20164542931";5;60;91,6666666666667
8500104;"Court";"47.2406009157,7.34210993055";6;43;86,046511627907
8503000;"Zürich HB";"47.3781766923,8.54021233623";51;1952;97,3872950819672
8500101;"Reconvilier";"47.235238324,7.22741795179";2;60;96,6666666666667
8500102;"Malleray-Bévilard";"47.2387141829,7.27594629294";2;60;96,6666666666667
8500103;"Sorvilier";"47.2392467034,7.30577406733";2;43;95,3488372093023
8504304;"Sonceboz-Sombeval";"47.1951483393,7.16876361824";8;161;95,0310559006211
8500105;"Moutier";"47.2806724995,7.38104432272";6;153;96,078431372549
8504300;"Biel/Bienne";"47.1328978528,7.24291053739";19;356;94,6629213483146
8504303;"La Heutte";"47.1894917627,7.22539576798";19;40;52,5
8504302;"Reuchenette-Péry";"47.1897391375,7.24702478154";0;40;100
8501008;"Genève";"46.2102129079,6.14245160789";29;555;94,7747747747748
8500218;"Olten";"47.3519347412,7.90769966099";31;813;96,1869618696187
8504227;"Ligerz";"47.0837688799,7.13515712331";16;54;70,3703703703704
8504229;"Tüscherz";"47.1150077795,7.19731832581";5;54;90,7407407407407
8504225;"Le Landeron";"47.0566363768,7.06633532068";4;54;92,5925925925926
8504224;"Cressier NE";"47.0519527784,7.03953212505";8;54;85,1851851851852
8504226;"La Neuveville";"47.0628327875,7.09523245151";6;54;88,8888888888889
8504223;"Cornaux";"47.0385720221,7.02336560983";7;54;87,037037037037
8504228;"Twann";"47.0936641015,7.15649746383";4;54;92,5925925925926
8504222;"St-Blaise CFF";"47.0145759818,6.98211016834";6;54;88,8888888888889
8509411;"Sargans";"47.0453599813,9.4453999633";6;133;95,4887218045113
8509000;"Chur";"46.853084163,9.52893771993";1;113;99,1150442477876
8500207;"Solothurn";"47.2041925029,7.54268923738";8;226;96,4601769911504
8500266;"Corcelles BE";"47.2856654057,7.45046308068";23;37;37,8378378378378
8500268;"Grandval";"47.2835888988,7.42188206437";23;37;37,8378378378378
8500206;"Solothurn West";"47.2067172615,7.53194908407";27;134;79,8507462686567
8500261;"Langendorf";"47.2178615339,7.51358547152";8;59;86,4406779661017
8500265;"Gänsbrunnen";"47.2656524931,7.46491567827";2;41;95,1219512195122
8500264;"Oberdorf SO";"47.2358834634,7.49369618182";3;41;92,6829268292683
8500263;"Im Holz";"47.2309208193,7.47479486526";26;41;36,5853658536585
8500260;"Crémines-Zoo";"47.2724197721,7.45678373232";22;37;40,5405405405405
8500267;"Crémines";"47.2856083707,7.43547726963";5;37;86,4864864864865
8500262;"Lommiswil";"47.2185649375,7.46951823996";24;47;48,936170212766
8500205;"Bellach";"47.2088787906,7.50782543585";10;75;86,6666666666667
8500202;"Grenchen Süd";"47.1887746617,7.39818006118";7;117;94,017094017094
8504419;"Biel Mett";"47.1447253199,7.27248728258";16;75;78,6666666666667
8518771;"Biel/Bienne Bözingenfeld/Champs-de-Boujean";"47.1583822841,7.29464806685";22;75;70,6666666666667
8500204;"Selzach";"47.2006240031,7.4566349874";4;75;94,6666666666667
8500200;"Pieterlen";"47.17144119,7.34019351187";17;75;77,3333333333333
8500203;"Bettlach";"47.1949494237,7.42837301675";4;75;94,6666666666667
8518963;"Solothurn Allmend";"47.2088862899,7.52142701385";5;75;93,3333333333333
8500201;"Lengnau";"47.1794313873,7.36655363682";5;75;93,3333333333333
8500216;"Wangen bei Olten";"47.3414007003,7.86836046729";1;76;98,6842105263158
8500208;"Luterbach-Attisholz";"47.2171492197,7.58352344644";14;76;81,5789473684211
8500210;"Wangen an der Aare";"47.2319565613,7.65623444913";7;76;90,7894736842105
8500213;"Oberbuchsiten";"47.3052472113,7.7717238037";7;76;90,7894736842105
8500214;"Egerkingen";"47.314864827,7.79896644695";4;76;94,7368421052632
8500217;"Olten Hammer";"47.348555177,7.89772397213";8;76;89,4736842105263
8500212;"Oensingen";"47.2850350875,7.70987034835";7;173;95,9537572254335
8500211;"Niederbipp";"47.2704017164,7.69481805402";8;76;89,4736842105263
8500215;"Hägendorf";"47.330267812,7.84381638329";13;76;82,8947368421053
8500209;"Deitingen";"47.2182258248,7.61891295891";11;76;85,5263157894737
8500090;"Basel Bad Bf";"47.5673079056,7.60692048492";1;63;98,4126984126984
8501609;"Brig";"46.3194227419,7.9880947138";1;136;99,2647058823529
8506105;"Weinfelden";"47.5662242454,9.10636820814";2;107;98,1308411214953
8501605;"Visp";"46.2940290995,7.88146546248";13;123;89,4308943089431
8506121;"Romanshorn";"47.565522828,9.37937134408";2;41;95,1219512195122
8507100;"Thun";"46.7548527757,7.62960576339";22;104;78,8461538461538
8507478;"Frutigen";"46.5889075428,7.65141831454";0;2;100
8506109;"Amriswil";"47.5504497386,9.3022272414";3;41;92,6829268292683
8507483;"Spiez";"46.6863956953,7.68010308406";23;106;78,3018867924528
8506100;"Frauenfeld";"47.5581634412,8.89655962127";1;107;99,0654205607477
8503504;"Baden";"47.4764242751,8.30770954022";24;461;94,7939262472885
8502119;"Lenzburg";"47.3911997555,8.1703928761";17;399;95,7393483709273
8502113;"Aarau";"47.3913594962,8.05127371849";10;438;97,7168949771689
8508103;"Rothrist";"47.3064556705,7.87939646797";1;67;98,5074626865672
8508102;"Murgenthal";"47.2653812967,7.83210599386";2;67;97,0149253731343
8502237;"Lupfig";"47.445184179,8.21498985697";2;74;97,2972972972973
8500309;"Brugg AG";"47.4808598621,8.20884452735";18;413;95,6416464891041
8502111;"Däniken";"47.3563901233,7.97877139805";10;78;87,1794871794872
8502000;"Aarburg-Oftringen";"47.3202684783,7.90822265971";10;156;93,5897435897436
8508101;"Roggwil-Wynau";"47.2516396161,7.81491632473";4;67;94,0298507462687
8502105;"Othmarsingen";"47.4074334806,8.21480554704";14;126;88,8888888888889
8502247;"Birr";"47.4358467143,8.21766477885";1;74;98,6486486486486
8503503;"Turgi";"47.4917573104,8.25345865884";18;322;94,4099378881988
8508100;"Langenthal";"47.2173029163,7.78471520185";5;170;97,0588235294118
8502114;"Rupperswil";"47.4032902238,8.12695636496";19;123;84,5528455284553
8502112;"Schönenwerd SO";"47.3714238978,8.00015834607";15;78;80,7692307692308
8502211;"Hendschiken";"47.3894310909,8.20738865977";10;125;92
8502212;"Dottikon-Dintikon";"47.3736465469,8.23471030566";18;139;87,0503597122302
8502215;"Muri AG";"47.2766662572,8.33982072772";8;138;94,2028985507246
8502213;"Wohlen AG";"47.3484640448,8.26979236531";9;139;93,5251798561151
8502214;"Boswil-Bünzen";"47.3051816658,8.31528353446";22;104;78,8461538461538
8505213;"Bellinzona";"46.1954317737,9.0295185506";12;266;95,4887218045113
8502218;"Sins";"47.188314246,8.39783087558";9;76;88,1578947368421
8502219;"Oberrüti";"47.1659261632,8.4047794455";11;76;85,5263157894737
8502217;"Mühlau";"47.2250199782,8.38852402732";11;53;79,2452830188679
8502216;"Benzenschwil";"47.2468514591,8.36561693375";15;53;71,6981132075472
8502202;"Rotkreuz";"47.1417641936,8.43049533031";16;358;95,5307262569832
8502110;"Dulliken";"47.3542761012,7.94650133082";0;42;100
8505307;"Chiasso";"45.8321680089,9.0314495232";4;175;97,7142857142857
8502204;"Zug";"47.1737069864,8.51504936752";34;436;92,2018348623853
8504307;"Courtelary";"47.1756314985,7.06880330987";9;71;87,3239436619718
8509404;"Buchs SG";"47.1684119711,9.47863664902";4;50;92
8504314;"La Chaux-de-Fonds";"47.0983743601,6.82598273812";7;198;96,4646464646465
8504310;"St-Imier";"47.1517110903,7.00122392689";6;71;91,5492957746479
8501506;"Sion";"46.2275532324,7.35919702156";5;86;94,1860465116279
8500023;"Liestal";"47.4844611632,7.73136745412";10;201;95,0248756218905
8507492;"Interlaken Ost";"46.6905000322,7.86899999156";3;54;94,4444444444444
8507493;"Interlaken West";"46.6826279805,7.85145311145";4;56;92,8571428571429
8504236;"Les Geneveys-sur-Coffrane";"47.0150963615,6.85321757986";3;38;92,1052631578947
8504234;"Chambrelien";"46.9671090344,6.81225671255";4;38;89,4736842105263
8504237;"Les Hauts-Geneveys";"47.0471765271,6.87467312966";2;38;94,7368421052632
8500141;"Courchavon";"47.4397744331,7.05764590254";1;42;97,6190476190476
8501403;"St-Maurice";"46.2163694939,7.00204392424";7;123;94,3089430894309
8501300;"Montreux";"46.4358843229,6.91044006944";6;198;96,969696969697
8505201;"Airolo";"46.5275259222,8.60861971573";0;35;100
8505212;"Castione-Arbedo";"46.2229216623,9.04146179352";2;119;98,3193277310924
8505207;"Bodio TI";"46.380254548,8.90656793402";0;35;100
8505119;"Göschenen";"46.6658149308,8.5888081861";0;28;100
8505219;"Lamone-Cadempino";"46.0397186421,8.93212502393";4;117;96,5811965811966
8505214;"Giubiasco";"46.1738126869,9.00360006177";15;209;92,822966507177
8505202;"Ambrì-Piotta";"46.5107637997,8.689927873";1;35;97,1428571428571
8505114;"Erstfeld";"46.8203393997,8.65045465313";2;66;96,969696969697
8505205;"Lavorgo";"46.4409016988,8.83974736529";0;35;100
8505209;"Biasca";"46.3519841441,8.97417916465";1;81;98,7654320987654
8505300;"Lugano";"46.0055005508,8.94699524398";8;187;95,7219251336899
8505204;"Faido";"46.4830754867,8.79071005429";0;35;100
8503001;"Zürich Altstetten";"47.3914830997,8.48896269022";3;436;99,3119266055046
8502021;"Emmenbrücke";"47.070601491,8.28256532837";14;208;93,2692307692308
8502012;"Rothenburg Dorf";"47.0909100151,8.27319054035";9;83;89,1566265060241
8502011;"Oberkirch LU";"47.1552376585,8.11423443373";16;84;80,9523809523809
8502004;"Dagmersellen";"47.2175579138,7.97902593539";10;86;88,3720930232558
8502001;"Zofingen";"47.2880525355,7.94311764754";17;226;92,4778761061947
8505000;"Luzern";"47.0501778105,8.31018315401";25;450;94,4444444444444
8502007;"Sursee";"47.170795068,8.09789385181";22;243;90,9465020576132
8502003;"Reiden";"47.2414683541,7.96877438545";10;86;88,3720930232558
8502009;"Sempach-Neuenkirch";"47.1160532209,8.19597900562";5;125;96
8502005;"Nebikon";"47.1923806661,7.97744945566";5;86;94,1860465116279
8502006;"Wauwil";"47.1838589478,8.01902004587";17;86;80,2325581395349
8503505;"Wettingen";"47.4596382122,8.31600613226";3;206;98,5436893203884
8503508;"Dietikon";"47.405783798,8.40498813474";0;262;100
8502115;"Wildegg";"47.4152751629,8.16301988225";5;112;95,5357142857143
8503400;"Bülach";"47.5239499588,8.53620921292";0;129;100
8503006;"Zürich Oerlikon";"47.4115300323,8.54413989655";19;932;97,9613733905579
8503424;"Schaffhausen";"47.6982814967,8.63275579305";0;274;100
8504200;"Yverdon-les-Bains";"46.7815451512,6.64094402823";8;229;96,5065502183406
8501037;"Morges";"46.5111011525,6.49396944931";9;260;96,5384615384615
8509002;"Landquart";"46.9674404286,9.55404467894";5;113;95,5752212389381
8501402;"Bex";"46.2514645551,7.00066986367";4;55;92,7272727272727
8501301;"Territet";"46.4263815833,6.9227068988";3;37;91,8918918918919
8501201;"La Tour-de-Peilz";"46.4554528826,6.85953268656";15;75;80
8501124;"Cully";"46.4885617736,6.72715145406";2;70;97,1428571428571
8501400;"Aigle";"46.3168554187,6.96368323783";4;126;96,8253968253968
8501200;"Vevey";"46.4630017653,6.84344553365";4;255;98,4313725490196
8501202;"Burier";"46.4478864389,6.87712181217";15;73;79,4520547945205
8501303;"Villeneuve";"46.3983714707,6.9270031734";1;108;99,0740740740741
8504316;"Le Locle";"47.0578610148,6.74615325034";2;89;97,752808988764
8504315;"Le Crêt-du-Locle";"47.0772326779,6.78458131772";10;80;87,5
8503502;"Siggenthal-Würenlingen";"47.5206899852,8.24065994297";12;89;86,5168539325843
8516176;"Klingnau";"47.581998924,8.24905012862";16;89;82,0224719101124
8500329;"Koblenz";"47.600338308,8.22704965762";0;90;100
8503410;"Rietheim";"47.60075005,8.27732791877";4;40;90
8503411;"Koblenz Dorf";"47.6093861294,8.24016393754";4;40;90
8503409;"Bad Zurzach";"47.5883133937,8.29558783466";0;40;100
8503501;"Döttingen";"47.5752698112,8.25636469972";4;89;95,5056179775281
8505004;"Arth-Goldau";"47.049044874,8.54944633996";13;171;92,3976608187135
8505112;"Flüelen";"46.9017301738,8.6243027189";6;79;92,4050632911392
8502102;"Oberentfelden";"47.3564864045,8.04838711049";5;66;92,4242424242424
8502122;"Kölliken Oberdorf";"47.3246831636,8.01909053749";12;66;81,8181818181818
8502104;"Hunzenschwil";"47.3882858408,8.12569329661";5;66;92,4242424242424
8502101;"Kölliken";"47.3373001594,8.02646055742";5;66;92,4242424242424
8502103;"Suhr";"47.3716355102,8.08229062741";4;66;93,9393939393939
8502120;"Küngoldingen";"47.3021414978,7.94179668416";10;66;84,8484848484848
8502121;"Walterswil-Striegel";"47.3199235956,7.96320362872";22;66;66,6666666666667
8502100;"Safenwil";"47.3217579027,7.98351818243";22;66;66,6666666666667
8503003;"Zürich Stadelhofen";"47.3666097487,8.54848908807";15;697;97,8479196556671
8503105;"Uetikon";"47.259030122,8.67878704546";1;143;99,3006993006993
8502010;"St. Erhard-Knutwil";"47.1800818847,8.07458156078";11;48;77,0833333333333
8502128;"Holderbank AG";"47.4286424936,8.16662239508";23;79;70,8860759493671
8502002;"Brittnau-Wikon";"47.262666146,7.95704084842";15;49;69,3877551020408
8502116;"Schinznach Bad";"47.4517851643,8.16694860845";15;79;81,0126582278481
8501103;"Vallorbe";"46.7124062886,6.37056566227";2;55;96,3636363636364
8504021;"Vauderens";"46.6214553801,6.85003751204";0;7;100
8501118;"Renens VD";"46.5370424761,6.57893536401";10;281;96,44128113879
8501036;"St-Prex";"46.4823168698,6.45590595285";5;74;93,2432432432432
8501006;"Meyrin";"46.2223354073,6.07690083901";22;85;74,1176470588235
8501001;"La Plaine";"46.1786654048,5.99999275337";2;71;97,1830985915493
8501002;"Russin";"46.1883951301,6.01803590482";14;85;83,5294117647059
8501003;"Satigny";"46.2142272352,6.0376652633";8;86;90,6976744186047
8501000;"Zimeysa";"46.221239603,6.06598529651";20;86;76,7441860465116
8501007;"Vernier";"46.2207186884,6.09389169475";10;86;88,3720930232558
8504301;"Frinvillier-Taubenloch";"47.1694577606,7.25752924997";20;39;48,7179487179487
8504309;"Villeret";"47.1602037286,7.01967522559";25;42;40,4761904761905
8504312;"Renan BE";"47.1257205019,6.92538212958";5;41;87,8048780487805
8506302;"St. Gallen";"47.4231789578,9.36989672929";3;119;97,4789915966387
8504305;"Corgémont";"47.1933987679,7.14466144647";26;42;38,0952380952381
8504308;"Cormoret";"47.1729470993,7.05412356821";4;42;90,4761904761905
8504306;"Cortébert";"47.1893371483,7.1073092439";23;42;45,2380952380952
8504311;"Sonvilier";"47.1413420826,6.9693527658";25;41;39,0243902439024
8504204;"Vaumarcus";"46.8776431651,6.75757928723";1;8;87,5
8505400;"Locarno";"46.1724202172,8.80136083521";0;82;100
8505305;"Mendrisio";"45.8691086354,8.97861089463";3;265;98,8679245283019
8504232;"Corcelles-Peseux";"46.9833509362,6.88381351511";0;66;100
8504231;"Les Deurres";"46.9855247117,6.89914841566";6;66;90,9090909090909
8506210;"Gossau SG";"47.4118315691,9.25305071952";2;77;97,4025974025974
8507495;"Leissigen";"46.6551056166,7.77501584425";0;2;100
8503225;"Ziegelbrücke";"47.1361559024,9.06005168288";1;186;99,4623655913979
8503233;"Schwanden GL";"46.9968522136,9.07746569672";3;72;95,8333333333333
8503115;"Schmerikon";"47.2251601309,8.94338192617";2;39;94,8717948717949
8503116;"Uznach";"47.2242827695,8.98069078676";1;39;97,4358974358974
8503119;"Schänis";"47.1576571641,9.04397614209";2;38;94,7368421052632
8503228;"Netstal";"47.0645290031,9.059435971";3;72;95,8333333333333
8503113;"Blumenau";"47.2236707178,8.84240514771";12;39;69,2307692307692
8503227;"Näfels-Mollis";"47.0987192922,9.06995689606";1;72;98,6111111111111
8503231;"Ennenda";"47.0329595526,9.07719377906";1;72;98,6111111111111
8503226;"Nieder- und Oberurnen";"47.1223616523,9.06239377776";1;72;98,6111111111111
8503118;"Benken SG";"47.2044581464,9.00865422185";11;38;71,0526315789474
8503230;"Glarus";"47.0399241801,9.07156637499";1;72;98,6111111111111
8503110;"Rapperswil";"47.2248871845,8.81674495291";6;276;97,8260869565217
8503232;"Mitlödi";"47.0101316138,9.08121188749";2;72;97,2222222222222
8503234;"Nidfurn-Haslen";"46.9858945338,9.05927648353";9;41;78,0487804878049
8503238;"Rüti GL";"46.9345459656,9.01303891656";18;41;56,0975609756098
8503240;"Linthal Braunwaldbahn";"46.9283958293,9.00249138427";5;41;87,8048780487805
8503236;"Luchsingen-Hätzingen";"46.9650706832,9.03902248657";5;41;87,8048780487805
8503235;"Leuggelbach";"46.9757428885,9.04694440369";24;41;41,4634146341463
8502208;"Horgen Oberdorf";"47.2587498232,8.58981587397";8;84;90,4761904761905
8503404;"Rafz";"47.6037967676,8.54345146419";0;80;100
8503401;"Glattfelden";"47.548557954,8.52405520291";6;80;92,5
8503126;"Nänikon-Greifensee";"47.3693628812,8.6864135826";26;158;83,5443037974684
8503120;"Jona";"47.2309766149,8.83461802541";5;154;96,7532467532468
8503423;"Neuhausen";"47.683133385,8.62493454502";4;169;97,6331360946746
8503402;"Eglisau";"47.5723745199,8.5165580286";0;80;100
8503310;"Glattbrugg";"47.4308267427,8.55885413606";4;172;97,6744186046512
8503128;"Dübendorf";"47.400080315,8.62342174323";2;158;98,7341772151899
8503127;"Schwerzenbach ZH";"47.3843857964,8.65867362752";3;158;98,1012658227848
8503147;"Stettbach";"47.3972153717,8.59614480424";8;303;97,3597359735974
8503312;"Oberglatt";"47.4702046206,8.51061883643";5;161;96,8944099378882
8503121;"Rüti ZH";"47.2604837955,8.85407945";3;154;98,0519480519481
8503123;"Wetzikon";"47.3180315958,8.79228970642";5;307;98,371335504886
8518924;"Neuhausen Rheinfall";"47.6798049349,8.61694649915";4;59;93,2203389830508
8504030;"Villars-sur-Glâne";"46.7898298188,7.11638562388";3;64;95,3125
8504029;"Matran";"46.7889383771,7.09632855465";20;64;68,75
8504027;"Neyruz";"46.7660490347,7.0650273799";5;64;92,1875
8504026;"Cottens";"46.7512126106,7.03479432124";10;64;84,375
8504028;"Rosé";"46.7826334225,7.06196863764";1;64;98,4375
8504023;"Romont";"46.6935082523,6.91181143328";1;110;99,0909090909091
8504025;"Chénens";"46.7492108071,7.00042967076";0;64;100
8504024;"Villaz-St-Pierre";"46.7205803689,6.96064284255";3;64;95,3125
8504133;"Cugy FR";"46.8160282519,6.88916452464";50;67;25,3731343283582
8504139;"Belfaux CFF";"46.8169246104,7.10623020162";1;64;98,4375
8504130;"Yvonand";"46.8008754624,6.746687373";10;67;85,0746268656716
8504134;"Payerne";"46.8196499681,6.93988489691";3;137;97,8102189781022
8504137;"Léchelles";"46.8284597694,7.01162703087";0;64;100
8504135;"Corcelles-Sud";"46.8288473641,6.95719212459";0;64;100
8504144;"Yverdon-Champ Pittet";"46.7821496298,6.66232014389";29;67;56,7164179104478
8504136;"Cousset";"46.8186048895,6.97749111753";1;64;98,4375
8504138;"Grolley";"46.8319788359,7.06605257065";1;64;98,4375
8504131;"Cheyres";"46.8169457947,6.78639368093";6;67;91,044776119403
8504181;"Givisiez";"46.8167559122,7.12996158704";1;64;98,4375
8504132;"Estavayer-le-Lac";"46.8444988848,6.84296725923";3;67;95,5223880597015
8506208;"Uzwil";"47.4364440087,9.13099177983";2;77;97,4025974025974
8506206;"Wil SG";"47.4624132783,9.04099307807";6;111;94,5945945945946
8506209;"Flawil";"47.4151893831,9.18978563115";2;77;97,4025974025974
8500159;"Grenchen Nord";"47.1916982321,7.38961868925";4;73;94,5205479452055
8500109;"Delémont";"47.3620126641,7.35006334994";4;131;96,9465648854962
8500113;"Laufen";"47.4193464565,7.50263614416";5;127;96,0629921259843
8501500;"Martigny";"46.1058312162,7.07912412843";5;78;93,5897435897436
8500322;"Laufenburg";"47.5597684142,8.06129609295";0;40;100
8500320;"Stein-Säckingen";"47.541608287,7.94884288688";2;129;98,4496124031008
8500027;"Gelterkinden";"47.4658937287,7.84766726143";0;116;100
8500020;"Muttenz";"47.5335911939,7.6478944534";11;177;93,7853107344633
8500024;"Lausen";"47.4703446366,7.75976280051";3;84;96,4285714285714
8500022;"Frenkendorf-Füllinsdorf";"47.5014699912,7.71911047846";7;86;91,8604651162791
8500026;"Sissach";"47.462754117,7.81202753069";4;199;97,9899497487437
8500115;"Grellingen";"47.4412948593,7.59198831492";5;91;94,5054945054945
8500119;"Münchenstein";"47.5133973174,7.61759675648";7;92;92,3913043478261
8500300;"Kaiseraugst";"47.5384957627,7.72413551606";2;88;97,7272727272727
8500021;"Pratteln";"47.5226686766,7.69081735759";4;176;97,7272727272727
8501030;"Nyon";"46.38441894,6.23596607924";5;156;96,7948717948718
8501601;"Leuk";"46.3115795108,7.64493646122";3;41;92,6829268292683
8501509;"Sierre/Siders";"46.2921215908,7.53282556884";5;73;93,1506849315068
8500136;"Basel Dreispitz";"47.5374360274,7.60959586688";17;92;81,5217391304348
8500116;"Duggingen";"47.4534448145,7.60346074943";27;90;70
8500037;"Trimbach";"47.3660522172,7.90428542497";20;39;48,7179487179487
8500031;"Diepflingen";"47.4495605259,7.83771736729";28;41;31,7073170731707
8500035;"Läufelfingen";"47.3921328646,7.85623160355";2;41;95,1219512195122
8517131;"Pratteln Salina Raurica";"47.5305880682,7.70988906265";6;82;92,6829268292683
8500301;"Rheinfelden";"47.5512140147,7.79216883462";5;159;96,8553459119497
8500303;"Mumpf";"47.5476261255,7.90962437641";0;82;100
8500313;"Rheinfelden Augarten";"47.5458782616,7.76803182134";2;86;97,6744186046512
8500305;"Frick";"47.5073485419,8.0130924763";9;115;92,1739130434783
8500304;"Eiken";"47.5330442558,7.98979753969";0;44;100
8500302;"Möhlin";"47.5618584931,7.83386261845";1;90;98,8888888888889
8500122;"Bassecourt";"47.3366868408,7.24684620718";1;85;98,8235294117647
8500124;"St-Ursanne";"47.3677029215,7.1659571064";1;85;98,8235294117647
8500114;"Zwingen";"47.4337991873,7.53046305786";4;91;95,6043956043956
8500028;"Tecknau";"47.4457602157,7.88761824413";0;82;100
8500025;"Itingen";"47.4672787538,7.78722595338";4;85;95,2941176470588
8500118;"Dornach-Arlesheim";"47.4886198721,7.61111888889";28;92;69,5652173913043
8500120;"Courtételle";"47.3428290356,7.31794278141";1;85;98,8235294117647
8500123;"Glovelier";"47.3352094839,7.20931275509";0;85;100
8500117;"Aesch";"47.4677446264,7.60306818359";3;92;96,7391304347826
8500125;"Courgenay";"47.4052261763,7.12420499087";1;85;98,8235294117647
8500121;"Courfaivre";"47.3350831253,7.29116575545";2;85;97,6470588235294
8501031;"Gland";"46.4199864805,6.26913985945";2;87;97,7011494252874
8500126;"Porrentruy";"47.4209164009,7.08007724521";1;87;98,8505747126437
8505301;"Lugano-Paradiso";"45.9893726405,8.94688976278";12;91;86,8131868131868
8505216;"Rivera-Bironico";"46.1239765533,8.92528618361";10;87;88,5057471264368
8518475;"Mendrisio S. Martino";"45.8772201808,8.9830927586";8;91;91,2087912087912
8505302;"Melide";"45.9557134937,8.94835914329";11;91;87,9120879120879
8505218;"Taverne-Torricella";"46.0566855569,8.9303304647";6;87;93,1034482758621
8505303;"Maroggia-Melano";"45.932435095,8.97393976362";7;91;92,3076923076923
8505304;"Capolago-Riva S. Vitale";"45.9028373055,8.97890520587";9;91;90,1098901098901
8505217;"Mezzovico";"46.0942759245,8.92859026481";13;87;85,0574712643678
8500034;"Buckten";"47.4089910659,7.84780054441";23;41;43,9024390243902
8500033;"Rümlingen";"47.4253792366,7.85054196986";39;41;4,87804878048781
8500032;"Sommerau";"47.439021385,7.85148135284";39;41;4,87804878048781
8503305;"Effretikon";"47.425812078,8.68667913161";8;376;97,8723404255319
8506103;"Müllheim-Wigoltingen";"47.5881645738,9.01552204188";1;33;96,969696969697
8506019;"Islikon";"47.5478349177,8.84619697706";0;33;100
8506017;"Wiesendangen";"47.5255430283,8.77603800105";1;33;96,969696969697
8504317;"Le Locle-Col-des-Roches";"47.0498855471,6.72607084315";0;14;100
8504215;"Travers";"46.9424115259,6.67656164287";0;6;100
8500128;"Boncourt";"47.4926318955,7.01655179185";6;42;85,7142857142857
8500143;"Grandgourt";"47.469920111,7.04810770019";3;14;78,5714285714286
8500127;"Courtemaîche";"47.4558691657,7.05538016199";1;42;97,6190476190476
8500144;"Buix";"47.479333265,7.0299672105";8;42;80,9523809523809
8503011;"Zürich Wiedikon";"47.3714772012,8.52348546565";11;226;95,1327433628319
8503204;"Horgen";"47.2614833923,8.59691702338";4;149;97,3154362416107
8503202;"Thalwil";"47.2959813712,8.56476944831";27;348;92,2413793103448
8503221;"Siebnen-Wangen";"47.1826706698,8.90071365596";3;141;97,8723404255319
8503211;"Altendorf";"47.1939670295,8.82290588686";8;75;89,3333333333333
8503010;"Zürich Enge";"47.3640988005,8.53082052143";5;232;97,8448275862069
8503209;"Pfäffikon SZ";"47.2029974431,8.77812981895";6;279;97,8494623655914
8503220;"Lachen";"47.1900684227,8.85271520237";8;106;92,4528301886792
8503207;"Richterswil";"47.2083749885,8.70748131523";6;149;95,9731543624161
8503206;"Wädenswil";"47.2293072774,8.67521627099";3;215;98,6046511627907
8503222;"Schübelbach-Buttikon";"47.1763898659,8.93878098816";4;15;73,3333333333333
8503223;"Reichenburg";"47.1726981989,8.98232269767";4;15;73,3333333333333
8503224;"Bilten";"47.152192936,9.02991826857";3;12;75
8503302;"Fehraltorf";"47.3851227686,8.75028816712";3;97;96,9072164948454
8503300;"Kempten";"47.3320431153,8.8047206925";4;77;94,8051948051948
8503306;"Dietlikon";"47.4202020365,8.61927645696";6;216;97,2222222222222
8503020;"Zürich Hardbrücke";"47.385197873,8.51712625407";33;708;95,3389830508475
8503301;"Pfäffikon ZH";"47.3670862283,8.7847997512";2;97;97,9381443298969
8518452;"Prilly-Malley";"46.5266919813,6.60262898219";9;117;92,3076923076923
8501110;"Ependes";"46.7464160747,6.60766182265";0;40;100
8501114;"Eclépens";"46.6571907032,6.55242114871";8;40;80
8501115;"Cossonay-Penthalaz";"46.6060100943,6.52368916799";4;122;96,7213114754098
8501113;"Bavois";"46.6876798742,6.55933482681";8;40;80
8501112;"Chavornay";"46.7100845475,6.56816325981";0;78;100
8501117;"Bussigny";"46.5475903229,6.55182620211";18;119;84,8739495798319
8501111;"Essert-Pittet";"46.7276733658,6.58065583082";6;40;85
8501116;"Vufflens-la-Ville";"46.5762450174,6.53076766423";15;83;81,9277108433735
8505007;"Brunnen";"46.9991749495,8.61006762236";10;113;91,1504424778761
8505006;"Schwyz";"47.0263971725,8.6321517606";8;113;92,9203539823009
8501108;"La Sarraz";"46.658784954,6.5173610571";1;44;97,7272727272727
8501121;"Pully";"46.5109236596,6.65946820484";3;69;95,6521739130435
8501203;"Clarens";"46.4427382543,6.89578000213";10;75;86,6666666666667
8501123;"Villette VD";"46.4953367286,6.70728698549";5;35;85,7142857142857
8501104;"Le Day";"46.7173763767,6.40066878869";3;41;92,6829268292683
8501122;"Lutry";"46.5037867325,6.69060945008";4;69;94,2028985507246
8501126;"Rivaz";"46.4742077182,6.78459500917";4;35;88,5714285714286
8501107;"Arnex";"46.6980776795,6.51890712361";38;43;11,6279069767442
8501105;"Bretonnières";"46.7150553572,6.47473254302";21;38;44,7368421052632
8501106;"Croy-Romainmôtier";"46.6967123639,6.47811630697";2;44;95,4545454545455
8501127;"St-Saphorin";"46.4725937165,6.79703363719";3;35;91,4285714285714
8501304;"Roche VD";"46.3586963543,6.92705287661";1;9;88,8888888888889
8501047;"Morges-St-Jean";"46.5181953264,6.50804398141";7;38;81,5789473684211
8501302;"Veytaux-Chillon";"46.4176211776,6.92786073044";4;36;88,8888888888889
8501045;"Denges-Echandens";"46.5291270593,6.54050544475";1;38;97,3684210526316
8501048;"Lonay-Préverenges";"46.5231356113,6.51954476302";1;38;97,3684210526316
8501042;"Etoy";"46.4751727321,6.42713532969";19;74;74,3243243243243
8501125;"Epesses";"46.4893287681,6.74516602144";2;36;94,4444444444444
8501035;"Allaman";"46.4757535389,6.39969709242";3;155;98,0645161290323
8504014;"Palézieux";"46.5427635573,6.83787521203";2;179;98,8826815642458
8504011;"Grandvaux";"46.4969482761,6.72265013354";17;70;75,7142857142857
8504003;"Bossière";"46.5097484877,6.69932181486";44;70;37,1428571428571
8504007;"Moreillon";"46.5083980984,6.78564538921";22;42;47,6190476190476
8504020;"Oron";"46.5725456189,6.83710416999";5;7;28,5714285714286
8504000;"Pully-Nord";"46.5146814731,6.65798755435";9;70;87,1428571428571
8504012;"Puidoux";"46.493841211,6.76568652394";7;146;95,2054794520548
8504010;"La Conversion";"46.5130844611,6.67832353213";29;70;58,5714285714286
8504013;"Chexbres-Village";"46.4810572721,6.77853780314";0;36;100
8504015;"Vevey-Funi";"46.4682767226,6.83544329014";9;36;75
8504040;"Corseaux-Cornalles";"46.4704514207,6.82478081563";3;36;91,6666666666667
8504016;"Palézieux-Village";"46.5571132268,6.82887453748";11;68;83,8235294117647
8504017;"Châtillens";"46.5705330064,6.81548153338";2;68;97,0588235294118
8504121;"Lucens";"46.7077714014,6.84215021973";8;68;88,2352941176471
8504120;"Moudon";"46.6680573682,6.80250797789";2;68;97,0588235294118
8504122;"Granges-Marnand";"46.7588448972,6.89428971611";15;68;77,9411764705882
8504123;"Corcelles-Nord";"46.8352620756,6.96029444826";6;39;84,6153846153846
8504018;"Ecublens-Rue";"46.6104302306,6.81105495524";2;68;97,0588235294118
8504124;"Dompierre";"46.8544027173,6.98536879074";2;37;94,5945945945946
8504400;"Kerzers";"46.9750789544,7.19281019439";4;38;89,4736842105263
8504127;"Faoug";"46.90824183,7.07460137994";1;37;97,2972972972973
8504125;"Domdidier";"46.8685120951,7.01138262746";2;37;94,5945945945946
8504141;"Henniez";"46.73500137,6.87010582651";37;40;7,5
8504140;"Muntelier-Löwenberg";"46.9379741425,7.13326156007";4;38;89,4736842105263
8504126;"Avenches";"46.8846015977,7.04092533678";2;39;94,8717948717949
8504129;"Galmiz";"46.9508706262,7.15320735697";4;38;89,4736842105263
8504128;"Murten/Morat";"46.9253467003,7.11528267368";4;38;89,4736842105263
8505306;"Balerna";"45.8467450931,9.0050355847";4;121;96,6942148760331
8505405;"Quartino";"46.1512981154,8.88733128001";0;16;100
8505407;"S. Nazzaro";"46.135157654,8.80705871892";0;16;100
8505410;"Gerra (Gambarogno)";"46.1220409519,8.78496973157";0;16;100
8505861;"Maccagno";"";0;16;100
8505874;"Colmegna";"";0;16;100
8505406;"Magadino-Vira";"46.1453157086,8.85018905603";0;16;100
8505404;"Cadenazzo";"46.1526199984,8.94169884827";1;106;99,0566037735849
8505408;"Ranzo-S. Abbondio";"46.11699785,8.77653772327";0;16;100
8505862;"Pino-Tronzano";"";0;16;100
8516013;"Cantello-Gaggiolo";"";0;70;100
8517519;"Stabio";"45.8497096649,8.94394217592";0;70;100
8504101;"Düdingen";"46.8510524282,7.18975315769";1;1;0
8504103;"Flamatt";"46.8884913393,7.31957079845";0;2;100
8505401;"Tenero";"46.1774674319,8.85022617158";3;80;96,25
8505412;"Riazzino";"46.1753362757,8.88639741178";27;80;66,25
8505415;"S. Antonino";"46.1604413603,8.9739371188";15;91;83,5164835164835
8505402;"Gordola";"46.1790403,8.86577323899";45;80;43,75
8500292;"Klus";"47.303479972,7.69476003304";0;58;100
8500294;"Balsthal";"47.3128899675,7.69392002729";0;58;100
8500293;"Thalbrücke";"47.3085499545,7.68822996263";0;58;100
8508006;"Wynigen";"47.1051747953,7.66350690287";1;69;98,5507246376812
8508005;"Burgdorf";"47.0607007084,7.62169448665";7;103;93,2038834951456
8508008;"Herzogenbuchsee";"47.1880861101,7.70095832122";6;103;94,1747572815534
8502203;"Cham";"47.178243841,8.45750481581";26;147;82,312925170068
8516187;"Zug Schutzengel";"47.1737249661,8.50724227617";20;143;86,013986013986
8515993;"Baar Lindenpark";"47.1831366943,8.51705847333";20;139;85,6115107913669
8502206;"Baar";"47.1953640193,8.52327156341";15;269;94,4237918215613
8503307;"Bassersdorf";"47.4385705613,8.62622097081";5;163;96,9325153374233
8503015;"Zürich Wipkingen";"47.3930388776,8.52938238484";4;86;95,3488372093023
8516350;"Buchrain";"47.0936499334,8.35665846265";15;82;81,7073170731707
8503511;"Neuenhof";"47.4506642418,8.33125535793";9;79;88,6075949367089
8503317;"Schöfflisdorf-Oberweningen";"47.4979713419,8.41181234179";33;81;59,2592592592593
8503316;"Steinmaur";"47.4899867403,8.44685782722";4;81;95,0617283950617
8503319;"Niederweningen";"47.5112006325,8.36963059913";2;81;97,5308641975309
8503318;"Niederweningen Dorf";"47.5059136719,8.38107348471";6;81;92,5925925925926
8503314;"Niederhasli";"47.4783309016,8.48870739554";42;81;48,1481481481482
8516274;"Chêne-Bourg";"46.19660016,6.19733346432";14;157;91,0828025477707
8515996;"Hünenberg Zythus";"47.1736075218,8.45009529897";39;143;72,7272727272727
8506311;"Rorschach";"47.4780019584,9.50514123365";2;32;93,75
8509004;"Bad Ragaz";"47.0103094511,9.50522497707";2;66;96,969696969697
8509003;"Maienfeld";"47.0038405611,9.52921615576";1;3;66,6666666666667
8506319;"Altstätten SG";"47.3742348063,9.55651992327";2;32;93,75
8506317;"Heerbrugg";"47.410392533,9.6272488558";1;32;96,875
8506314;"St. Margrethen";"47.4532159757,9.6382619195";3;39;92,3076923076923
8509414;"Walenstadt";"47.1198735895,9.31298151857";2;36;94,4444444444444
8509413;"Flums";"47.0966166348,9.34792927358";0;4;100
8503303;"Illnau";"47.4088191895,8.72272753467";4;97;95,8762886597938
8501023;"Coppet";"46.3173935799,6.18782739372";11;230;95,2173913043478
8516155;"Lancy-Pont-Rouge";"46.1859452996,6.12494698268";12;220;94,5454545454545
8501033;"Rolle";"46.462745825,6.33640380744";3;81;96,2962962962963
8516273;"Genève-Eaux-Vives";"46.2014454331,6.16656954867";15;220;93,1818181818182
8518459;"Steinhausen Rigiblick";"47.1878637885,8.47970384695";25;77;67,5324675324675
8502225;"Mettmenstetten";"47.2440710204,8.45738213875";2;77;97,4025974025974
8503122;"Bubikon";"47.2708409956,8.82271479896";4;154;97,4025974025974
8502223;"Hedingen";"47.2987852368,8.44596559321";11;141;92,1985815602837
8502227;"Steinhausen";"47.1945814808,8.47843649326";6;77;92,2077922077922
8502226;"Knonau";"47.2202643539,8.46673125626";4;77;94,8051948051948
8502221;"Birmensdorf ZH";"47.3574313752,8.43755511434";2;141;98,5815602836879
8503125;"Uster";"47.3503689645,8.71870911871";12;306;96,078431372549
8502220;"Urdorf";"47.3908833725,8.43473073844";14;141;90,0709219858156
8502224;"Affoltern am Albis";"47.27607039,8.44659492945";2;141;98,5815602836879
8502222;"Bonstetten-Wettswil";"47.3259013406,8.46819694029";13;141;90,7801418439716
8502229;"Urdorf Weihermatt";"47.3809700098,8.43034247407";10;141;92,9078014184397
8503103;"Herrliberg-Feldmeilen";"47.2818266004,8.61273348833";0;141;100
8503007;"Zürich Seebach";"47.4187500474,8.54466018901";5;75;93,3333333333333
8503008;"Zürich Affoltern";"47.4209089813,8.50858258494";3;84;96,4285714285714
8503101;"Küsnacht ZH";"47.3191565828,8.58063778944";3;148;97,972972972973
8503104;"Meilen";"47.2698111422,8.64431191081";0;162;100
8503100;"Zollikon";"47.3373346062,8.56974055987";4;141;97,1631205673759
8503141;"Küsnacht Goldbach";"47.3268566964,8.57596423958";8;141;94,3262411347518
8503102;"Erlenbach ZH";"47.3057919232,8.59152235647";4;141;97,1631205673759
8503525;"Otelfingen Golfpark";"47.4558216259,8.4021134148";4;75;94,6666666666667
8503526;"Regensdorf-Watt";"47.4365634899,8.47208491301";1;91;98,9010989010989
8503111;"Winkel am Zürichsee";"47.2972078361,8.59898832243";30;141;78,7234042553192
8503528;"Otelfingen";"47.4549361571,8.38753248433";0;75;100
8503529;"Würenlos";"47.4457594532,8.35766785904";16;75;78,6666666666667
8503004;"Zürich Tiefenbrunnen";"47.3501246373,8.56138988846";4;155;97,4193548387097
8503527;"Buchs-Dällikon";"47.4534053478,8.43560174464";1;75;98,6666666666667
8507494;"Därligen";"46.6597643695,7.81473736677";0;2;100
8503308;"Kloten";"47.4486073311,8.5838096454";1;77;98,7012987012987
8503106;"Männedorf";"47.2534240091,8.69234616957";1;87;98,8505747126437
8503304;"Kemptthal";"47.4528388907,8.70558620929";3;77;96,1038961038961
8503340;"Opfikon";"47.4299548445,8.56179472865";1;77;98,7012987012987
8503108;"Uerikon";"47.2358608014,8.75262523013";2;80;97,5
8503107;"Stäfa";"47.2405272079,8.72165283054";0;87;100
8503112;"Kempraten";"47.238397692,8.81431098566";15;80;81,25
8503109;"Feldbach";"47.2392035255,8.78349775224";1;80;98,75
8503309;"Kloten Balsberg";"47.4422903889,8.57071842695";2;77;97,4025974025974
8503237;"Diesbach-Betschwanden";"46.9461808151,9.02437343467";18;41;56,0975609756098
8503239;"Linthal";"46.9255635637,8.9977948688";1;41;97,5609756097561
8502008;"Nottwil";"47.1388117834,8.13860106486";25;84;70,2380952380952
8503403;"Hüntwangen-Wil";"47.581268881,8.51284803608";0;80;100
8503313;"Niederglatt";"47.4874710565,8.50331553647";1;80;98,75
8503009;"Zürich Wollishofen";"47.34744029,8.53360098792";11;155;92,9032258064516
8503203;"Oberrieden";"47.27967633,8.57846060111";4;78;94,8717948717949
8503205;"Au ZH";"47.2468179083,8.64372592143";2;78;97,4358974358974
8503200;"Kilchberg";"47.324431597,8.54801636547";11;155;92,9032258064516
8503208;"Bäch";"47.2009815971,8.72717425433";3;78;96,1538461538462
8503201;"Rüschlikon";"47.3071318652,8.55516269432";6;155;96,1290322580645
8503129;"Wallisellen";"47.4127230589,8.59192822558";3;215;98,6046511627907
8503210;"Freienbach SBB";"47.2073107259,8.75621861337";2;78;97,4358974358974
8503311;"Rümlang";"47.4540656001,8.5327672959";7;158;95,5696202531646
8516219;"Mellingen Heitersberg";"47.4280750785,8.27636329083";5;55;90,9090909090909
8503124;"Aathal";"47.3359591251,8.76562510867";6;79;92,4050632911392
8506020;"Seuzach";"47.5357669764,8.73888339067";1;36;97,2222222222222
8503512;"Glanzenberg";"47.3988787163,8.42044184995";5;154;96,7532467532468
8506002;"Winterthur Seen";"47.4874354197,8.76681346424";1;34;97,0588235294118
8502106;"Mägenwil";"47.4145081414,8.23515519549";5;55;90,9090909090909
8503506;"Killwangen-Spreitenbach";"47.4333288409,8.35421393402";18;134;86,5671641791045
8506036;"Reutlingen";"47.5296593785,8.75214807518";1;36;97,2222222222222
8506008;"Wila";"47.4177744617,8.84849082341";0;19;100
8506007;"Turbenthal";"47.4373845094,8.84381988765";0;19;100
8506003;"Sennhof-Kyburg";"47.4651768941,8.76034620759";1;33;96,969696969697
8506001;"Winterthur Grüze";"47.4987547049,8.75105522894";1;68;98,5294117647059
8506004;"Kollbrunn";"47.4583241586,8.774016908";0;19;100
8503509;"Schlieren";"47.3991763687,8.44724501036";4;154;97,4025974025974
8506038;"Winterthur Wallrüti";"47.5167216718,8.76088223391";1;36;97,2222222222222
8506016;"Oberwinterthur";"47.5079223324,8.76038920944";1;69;98,5507246376812
8506005;"Rikon";"47.4450098456,8.79633217625";0;19;100
8506012;"Guntershausen";"47.4741213563,8.91703206431";1;34;97,0588235294118
8506035;"Schottikon";"47.5001175338,8.8117191397";13;34;61,7647058823529
8506013;"Aadorf";"47.4881181293,8.90330136421";0;34;100
8506011;"Eschlikon";"47.4614910495,8.95853624143";1;34;97,0588235294118
8506048;"Marthalen";"47.6313797471,8.65606281075";1;78;98,7179487179487
8506049;"Dachsen";"47.6670905433,8.61382275494";0;78;100
8506010;"Sirnach";"47.4619971136,9.00047421982";2;34;94,1176470588235
8506014;"Elgg";"47.4985290889,8.86341151986";0;34;100
8506015;"Räterschen";"47.4986818858,8.79501719495";0;34;100
8516218;"Winterthur Hegi";"47.5014854284,8.76894718875";2;34;94,1176470588235
8506039;"Schloss Laufen am Rheinfall";"47.6765656886,8.61426901826";31;76;59,2105263157895
8506046;"Henggart";"47.5642572262,8.68507519504";4;76;94,7368421052632
8506047;"Andelfingen";"47.5937661665,8.67800163738";0;110;100
8506045;"Hettlingen";"47.5454414729,8.69483420682";2;76;97,3684210526316
8506102;"Hüttlingen-Mettendorf";"47.5823436356,8.97455504745";4;33;87,8787878787879
8506018;"Rickenbach-Attikon";"47.5353573659,8.78917502501";1;33;96,969696969697
8503130;"Hinwil";"47.3000569675,8.83971996098";1;76;98,6842105263158
8503315;"Dielsdorf";"47.4824204787,8.45944372616";5;81;93,8271604938272
8501420;"Massongex";"46.2412066868,6.98566056831";1;1;0
8506101;"Felben-Wellhausen";"47.5771021176,8.9431748761";0;33;100
8502209;"Oberrieden Dorf";"47.2767318248,8.57765280195";10;84;88,0952380952381
8506104;"Märstetten";"47.5828205292,9.06219351655";1;33;96,969696969697
8515992;"Baar Neufeld";"47.1884929069,8.51778071656";12;139;91,3669064748201
8502200;"Ebikon";"47.0842627454,8.34235821712";4;84;95,2380952380952
8515995;"Cham Alpenblick";"47.1822823675,8.47146332744";38;143;73,4265734265734
8502028;"Emmenbrücke Gersag";"47.0783141693,8.2768200794";12;160;92,5
8502306;"Hünenberg Chämleten";"47.1691594477,8.44990847251";11;70;84,2857142857143
8502230;"Zug Chollermüli";"47.1802376228,8.48664569392";19;143;86,7132867132867
8502201;"Gisikon-Root";"47.1213276944,8.39478856666";6;84;92,8571428571429
8515997;"Root D4";"47.1048564777,8.37380809378";20;82;75,609756097561
8502020;"Rothenburg";"47.0881900168,8.24918003636";4;82;95,1219512195122
8506131;"Kreuzlingen";"47.6525527757,9.16908040533";2;33;93,9393939393939
8505005;"Steinen";"47.0476685943,8.60744931328";13;80;83,75
8505111;"Sisikon";"46.949253997,8.62074868788";5;40;87,5
8505003;"Immensee";"47.0916186586,8.46267208892";9;56;83,9285714285714
8505018;"Meggen Zentrum";"47.0451944647,8.374393044";27;46;41,304347826087
8505002;"Küssnacht am Rigi";"47.0835941099,8.43351749599";0;46;100
8505001;"Meggen";"47.0501478318,8.38306144451";9;46;80,4347826086957
8505011;"Merlischachen";"47.0676600027,8.40905810777";38;46;17,3913043478261
8517336;"Luzern Verkehrshaus";"47.0539322718,8.33729728745";2;46;95,6521739130435
8503421;"Jestetten";"";0;3;100
8503420;"Lottstetten";"";0;3;100
8502017;"Waldibrücke";"47.1078993069,8.31971009123";10;83;87,9518072289157
8502022;"Eschenbach";"47.1323960447,8.32279074573";35;83;57,8313253012048
8502025;"Baldegg";"47.185688941,8.28023153445";9;72;87,5
8506217;"Sulgen";"47.5388040261,9.18369439908";0;5;100
8502031;"Hallwil";"47.3286387297,8.17594944173";66;66;0
8502034;"Beinwil am See";"47.2672198143,8.20223549104";7;74;90,5405405405405
8516353;"Baldegg Kloster";"47.1806160026,8.28059755571";17;72;76,3888888888889
8502023;"Ballwil";"47.153767619,8.31689884102";58;83;30,1204819277108
8502026;"Gelfingen";"47.2135590662,8.26482485877";42;72;41,6666666666667
8502019;"Ermensee";"47.2296905797,8.24231443624";43;72;40,2777777777778
8502029;"Mosen";"47.2442923237,8.22415969106";72;72;0
8502032;"Boniswil";"47.3150387723,8.18456058944";66;66;0
8502024;"Hochdorf";"47.1669752066,8.28869963779";9;83;89,1566265060241
8502042;"Hochdorf Schönau";"47.1645693416,8.298733609";41;83;50,6024096385542
8502027;"Hitzkirch";"47.2226727168,8.25200102536";11;72;84,7222222222222
8502030;"Seon";"47.3461489474,8.15880740289";5;66;92,4242424242424
8502033;"Birrwil";"47.2878565649,8.19901726528";8;66;87,8787878787879
8501020;"Chambésy";"46.2409448637,6.14730428549";3;144;97,9166666666667
8501013;"Pont-Céard";"46.2873981446,6.16266554351";29;144;79,8611111111111
8517142;"Lancy-Bachet";"46.1743328594,6.12936217573";9;157;94,2675159235669
8501011;"Les Tuileries";"46.2499463098,6.14733744682";7;144;95,1388888888889
8501021;"Genthod-Bellevue";"46.2567377201,6.15396075261";12;144;91,6666666666667
8501022;"Versoix";"46.2797271531,6.16574125903";20;145;86,2068965517241
8501012;"Creux-de-Genthod";"46.2637677319,6.16131235026";8;144;94,4444444444444
8516272;"Genève-Champel";"46.192193335,6.15349869845";11;157;92,9936305732484
8501015;"Tannay";"46.3076451093,6.18112040173";19;144;86,8055555555556
8516283;"Genève-Sécheron";"46.2224403361,6.14456120159";7;144;95,1388888888889
8501014;"Mies";"46.2984888736,6.16765471213";8;144;94,4444444444444
8504410;"Zollikofen";"47.0018259804,7.46291123529";0;2;100
8507006;"Münsingen";"46.873354141,7.55944234353";1;2;50
8500240;"Olten RB";"47.3625146221,7.91518793531";0;1;100
8503299;"Hurden";"47.2141400186,8.8007300003";0;2;100
8501421;"Monthey";"46.2556564511,6.95522663507";0;1;100
8507496;"Faulensee";"46.673755466,7.69791490209";0;1;100
8503408;"Rekingen AG";"47.5699714096,8.32712565233";0;1;100
